"cluster","cluster_size","feature","mean","n"
1,24,"sexmale",0.5,12
1,24,"variant_proteinp.Ala263Val",0.0416666666666667,1
1,24,"variant_proteinp.Arg102.",0,0
1,24,"variant_proteinp.Arg119Ile",0,0
1,24,"variant_proteinp.Arg1626Gln",0.0416666666666667,1
1,24,"variant_proteinp.Arg1882Gln",0.0416666666666667,1
1,24,"variant_proteinp.Arg571His",0.0416666666666667,1
1,24,"variant_proteinp.Arg850.",0,0
1,24,"variant_proteinp.Arg853Gln",0.0416666666666667,1
1,24,"variant_proteinp.Asn1662Asp",0.0416666666666667,1
1,24,"variant_proteinp.Asp195Gly",0.0416666666666667,1
1,24,"variant_proteinp.Asp343His",0.0416666666666667,1
1,24,"variant_proteinp.Gln1531.",0,0
1,24,"variant_proteinp.Gln3.",0,0
1,24,"variant_proteinp.Glu1125Glyfs.11",0,0
1,24,"variant_proteinp.Glu430Ala",0.0416666666666667,1
1,24,"variant_proteinp.Glu942Argfs.48",0.0416666666666667,1
1,24,"variant_proteinp.Gly1593Arg",0,0
1,24,"variant_proteinp.Gly211Asp",0.0416666666666667,1
1,24,"variant_proteinp.Gly879Arg",0.0416666666666667,1
1,24,"variant_proteinp.Gly882Glu",0.0416666666666667,1
1,24,"variant_proteinp.Ile1772Metfs.19",0,0
1,24,"variant_proteinp.Ile874Metfs.5",0.0416666666666667,1
1,24,"variant_proteinp.Leu1036Trpfs.10",0,0
1,24,"variant_proteinp.Leu392.",0,0
1,24,"variant_proteinp.Lys1422Glu",0.0416666666666667,1
1,24,"variant_proteinp.Lys1502Asn",0.0416666666666667,1
1,24,"variant_proteinp.Lys507Glu",0,0
1,24,"variant_proteinp.Met951Arg",0.0416666666666667,1
1,24,"variant_proteinp.Phe1375Val",0.0416666666666667,1
1,24,"variant_proteinp.Phe826Leufs.6",0,0
1,24,"variant_proteinp.Ser1758Arg",0,0
1,24,"variant_proteinp.Ser1780Ile",0.0416666666666667,1
1,24,"variant_proteinp.Thr369Ilefs.12",0,0
1,24,"variant_proteinp.Thr400Arg",0.0416666666666667,1
1,24,"variant_proteinp.Tyr428Cys",0.0416666666666667,1
1,24,"variant_proteinp.Tyr84.",0,0
1,24,"variant_proteinp.Val1601Leu",0.0416666666666667,1
1,24,"variant_proteinp.Val198Asp",0,0
1,24,"variant_proteinunknown",0.0416666666666667,1
1,24,"sz_spasms",0.375,9
1,24,"sz_tonic",0.708333333333333,17
1,24,"sz_myoclonic",0.291666666666667,7
1,24,"sz_absence",0.458333333333333,11
1,24,"sz_tonic.clonic",0.791666666666667,19
1,24,"sz_focal",0.708333333333333,17
1,24,"sz_clonic",0.125,3
1,24,"diag_gastro",1,24
1,24,"diag_muscoloskeletal",1,24
1,24,"diag_cardio",0.583333333333333,14
1,24,"hosp_sz",0.958333333333333,23
1,24,"hosp_status",0.375,9
1,24,"hosp_pneumonia",0.125,3
1,24,"eeg_background",1,24
1,24,"eeg_epileptiform",1,24
1,24,"eeg_paroxysmal_abnormalities",0.5,12
1,24,"eeg_normal",0.458333333333333,11
1,24,"dev_Ability.to.babble",0.625,15
1,24,"dev_Ability.to.belly.crawl",0.25,6
1,24,"dev_Ability.to.communicate",0.0416666666666667,1
1,24,"dev_Ability.to.control.head.posture",0.5,12
1,24,"dev_Ability.to.count.up.to.10",0,0
1,24,"dev_Ability.to.crawl",0.291666666666667,7
1,24,"dev_Ability.to.crouch",0,0
1,24,"dev_Ability.to.cruise",0.291666666666667,7
1,24,"dev_Ability.to.follow.commands",0.0416666666666667,1
1,24,"dev_Ability.to.grasp",0.458333333333333,11
1,24,"dev_Ability.to.identify.colors",0.0833333333333333,2
1,24,"dev_Ability.to.initiate.words",0,0
1,24,"dev_Ability.to.jump",0.0416666666666667,1
1,24,"dev_Ability.to.kick",0,0
1,24,"dev_Ability.to.kneel",0.0416666666666667,1
1,24,"dev_Ability.to.perform.hand.functions",0.291666666666667,7
1,24,"dev_Ability.to.pull.to.stand",0.25,6
1,24,"dev_Ability.to.reach",0.583333333333333,14
1,24,"dev_Ability.to.read",0,0
1,24,"dev_Ability.to.recognize.letters.of.the.alphabet",0,0
1,24,"dev_Ability.to.recognize.spoken.word",0.25,6
1,24,"dev_Ability.to.recognize.symbols",0.0416666666666667,1
1,24,"dev_Ability.to.roll",0.625,15
1,24,"dev_Ability.to.roll..back.to.front.",0.166666666666667,4
1,24,"dev_Ability.to.roll..front.to.back.",0.208333333333333,5
1,24,"dev_Ability.to.run",0.0833333333333333,2
1,24,"dev_Ability.to.scoot",0.166666666666667,4
1,24,"dev_Ability.to.sit.unsupported",0.625,15
1,24,"dev_Ability.to.speak",0.0416666666666667,1
1,24,"dev_Ability.to.speak.fluently",0,0
1,24,"dev_Ability.to.speak.intelligibly",0.0416666666666667,1
1,24,"dev_Ability.to.squat",0.0416666666666667,1
1,24,"dev_Ability.to.stand",0.25,6
1,24,"dev_Ability.to.stand.alone",0.0416666666666667,1
1,24,"dev_Ability.to.stand.from.sitting",0.0833333333333333,2
1,24,"dev_Ability.to.stand.on.one.leg",0,0
1,24,"dev_Ability.to.throw",0.0833333333333333,2
1,24,"dev_Ability.to.transfer.objects",0,0
1,24,"dev_Ability.to.use.at.least.one.word",0.375,9
1,24,"dev_Ability.to.use.augmentative.and.alternative.communication",0.125,3
1,24,"dev_Ability.to.use.non.verbal.communication",0.291666666666667,7
1,24,"dev_Ability.to.use.palmar.grasp",0.0833333333333333,2
1,24,"dev_Ability.to.use.pincer.grasp",0.166666666666667,4
1,24,"dev_Ability.to.use.raking.grasp",0,0
1,24,"dev_Ability.to.use.sentences",0,0
1,24,"dev_Ability.to.use.short.phrase",0.0833333333333333,2
1,24,"dev_Ability.to.use.sign.language",0.291666666666667,7
1,24,"dev_Ability.to.use.verbal.communication",0.0416666666666667,1
1,24,"dev_Ability.to.use.word.approximations",0,0
1,24,"dev_Ability.to.vocalize",0.75,18
1,24,"dev_Ability.to.walk",0.458333333333333,11
1,24,"dev_Ability.to.walk.with.assistance",0.25,6
1,24,"dev_Ability.to.walk.with.maximal.assistance",0.125,3
1,24,"dev_Ability.to.weight.bear",0.0416666666666667,1
1,24,"dev_Ability.to.write",0.0416666666666667,1
1,24,"age_onset_m",7.73888888888889,24
1,24,"cluster_size",24,1
2,20,"sexmale",0.5,10
2,20,"variant_proteinp.Ala263Val",0,0
2,20,"variant_proteinp.Arg102.",0.05,1
2,20,"variant_proteinp.Arg119Ile",0.05,1
2,20,"variant_proteinp.Arg1626Gln",0,0
2,20,"variant_proteinp.Arg1882Gln",0,0
2,20,"variant_proteinp.Arg571His",0,0
2,20,"variant_proteinp.Arg850.",0.05,1
2,20,"variant_proteinp.Arg853Gln",0,0
2,20,"variant_proteinp.Asn1662Asp",0,0
2,20,"variant_proteinp.Asp195Gly",0,0
2,20,"variant_proteinp.Asp343His",0,0
2,20,"variant_proteinp.Gln1531.",0.05,1
2,20,"variant_proteinp.Gln3.",0.05,1
2,20,"variant_proteinp.Glu1125Glyfs.11",0.05,1
2,20,"variant_proteinp.Glu430Ala",0,0
2,20,"variant_proteinp.Glu942Argfs.48",0,0
2,20,"variant_proteinp.Gly1593Arg",0.05,1
2,20,"variant_proteinp.Gly211Asp",0,0
2,20,"variant_proteinp.Gly879Arg",0,0
2,20,"variant_proteinp.Gly882Glu",0,0
2,20,"variant_proteinp.Ile1772Metfs.19",0.05,1
2,20,"variant_proteinp.Ile874Metfs.5",0,0
2,20,"variant_proteinp.Leu1036Trpfs.10",0.05,1
2,20,"variant_proteinp.Leu392.",0.05,1
2,20,"variant_proteinp.Lys1422Glu",0,0
2,20,"variant_proteinp.Lys1502Asn",0,0
2,20,"variant_proteinp.Lys507Glu",0.05,1
2,20,"variant_proteinp.Met951Arg",0,0
2,20,"variant_proteinp.Phe1375Val",0,0
2,20,"variant_proteinp.Phe826Leufs.6",0.05,1
2,20,"variant_proteinp.Ser1758Arg",0.1,2
2,20,"variant_proteinp.Ser1780Ile",0,0
2,20,"variant_proteinp.Thr369Ilefs.12",0.05,1
2,20,"variant_proteinp.Thr400Arg",0,0
2,20,"variant_proteinp.Tyr428Cys",0,0
2,20,"variant_proteinp.Tyr84.",0.05,1
2,20,"variant_proteinp.Val1601Leu",0,0
2,20,"variant_proteinp.Val198Asp",0.05,1
2,20,"variant_proteinunknown",0.15,3
2,20,"sz_spasms",0,0
2,20,"sz_tonic",0.05,1
2,20,"sz_myoclonic",0.1,2
2,20,"sz_absence",0.05,1
2,20,"sz_tonic.clonic",0.1,2
2,20,"sz_focal",0.05,1
2,20,"sz_clonic",0,0
2,20,"diag_gastro",0.85,17
2,20,"diag_muscoloskeletal",0.8,16
2,20,"diag_cardio",0.05,1
2,20,"hosp_sz",0.3,6
2,20,"hosp_status",0.05,1
2,20,"hosp_pneumonia",0.05,1
2,20,"eeg_background",0.35,7
2,20,"eeg_epileptiform",0.25,5
2,20,"eeg_paroxysmal_abnormalities",0,0
2,20,"eeg_normal",0.55,11
2,20,"dev_Ability.to.babble",0.7,14
2,20,"dev_Ability.to.belly.crawl",0.15,3
2,20,"dev_Ability.to.communicate",0.05,1
2,20,"dev_Ability.to.control.head.posture",0.1,2
2,20,"dev_Ability.to.count.up.to.10",0.1,2
2,20,"dev_Ability.to.crawl",0.6,12
2,20,"dev_Ability.to.crouch",0.05,1
2,20,"dev_Ability.to.cruise",0.25,5
2,20,"dev_Ability.to.follow.commands",0.25,5
2,20,"dev_Ability.to.grasp",0.4,8
2,20,"dev_Ability.to.identify.colors",0.05,1
2,20,"dev_Ability.to.initiate.words",0.05,1
2,20,"dev_Ability.to.jump",0.15,3
2,20,"dev_Ability.to.kick",0,0
2,20,"dev_Ability.to.kneel",0,0
2,20,"dev_Ability.to.perform.hand.functions",0.5,10
2,20,"dev_Ability.to.pull.to.stand",0.5,10
2,20,"dev_Ability.to.reach",0.2,4
2,20,"dev_Ability.to.read",0.05,1
2,20,"dev_Ability.to.recognize.letters.of.the.alphabet",0.05,1
2,20,"dev_Ability.to.recognize.spoken.word",0.2,4
2,20,"dev_Ability.to.recognize.symbols",0,0
2,20,"dev_Ability.to.roll",0.55,11
2,20,"dev_Ability.to.roll..back.to.front.",0.05,1
2,20,"dev_Ability.to.roll..front.to.back.",0.05,1
2,20,"dev_Ability.to.run",0.5,10
2,20,"dev_Ability.to.scoot",0.05,1
2,20,"dev_Ability.to.sit.unsupported",0.8,16
2,20,"dev_Ability.to.speak",0,0
2,20,"dev_Ability.to.speak.fluently",0.05,1
2,20,"dev_Ability.to.speak.intelligibly",0,0
2,20,"dev_Ability.to.squat",0,0
2,20,"dev_Ability.to.stand",0.3,6
2,20,"dev_Ability.to.stand.alone",0.05,1
2,20,"dev_Ability.to.stand.from.sitting",0.1,2
2,20,"dev_Ability.to.stand.on.one.leg",0.05,1
2,20,"dev_Ability.to.throw",0.15,3
2,20,"dev_Ability.to.transfer.objects",0,0
2,20,"dev_Ability.to.use.at.least.one.word",0.7,14
2,20,"dev_Ability.to.use.augmentative.and.alternative.communication",0,0
2,20,"dev_Ability.to.use.non.verbal.communication",0.4,8
2,20,"dev_Ability.to.use.palmar.grasp",0.05,1
2,20,"dev_Ability.to.use.pincer.grasp",0.5,10
2,20,"dev_Ability.to.use.raking.grasp",0,0
2,20,"dev_Ability.to.use.sentences",0.25,5
2,20,"dev_Ability.to.use.short.phrase",0.3,6
2,20,"dev_Ability.to.use.sign.language",0.25,5
2,20,"dev_Ability.to.use.verbal.communication",0,0
2,20,"dev_Ability.to.use.word.approximations",0.05,1
2,20,"dev_Ability.to.vocalize",0.5,10
2,20,"dev_Ability.to.walk",0.95,19
2,20,"dev_Ability.to.walk.with.assistance",0.25,5
2,20,"dev_Ability.to.walk.with.maximal.assistance",0,0
2,20,"dev_Ability.to.weight.bear",0.05,1
2,20,"dev_Ability.to.write",0.2,4
2,20,"age_onset_m",37.73,20
2,20,"cluster_size",20,1
